ACCOUNT_ID,NUM_PRODUCED_BLOCKS,NUM_EXPECTED_BLOCKS,ONLINE
"nfvalidator4.near",1539666,1540949,0.9991673961954614
"nfvalidator2.near",1519222,1520214,0.9993474602917747
"nfvalidator1.near",1511453,1512434,0.9993513766551135
"nfvalidator3.near",1184622,1219976,0.971020741391634
"dokiacapital.poolv1.near",107858,108000,0.9986851851851852
"dsrvlabs.poolv1.near",106226,106272,0.9995671484492623
"cryptium.poolv1.near",103401,103680,0.9973090277777777
"buildlinks.poolv1.near",101426,101520,0.9990740740740741
"staked.poolv1.near",100269,101952,0.983492231638418
"sparkpool.poolv1.near",99788,99792,0.9999599166265833
"hashquark.poolv1.near",99294,99360,0.9993357487922705
"bisontrails.poolv1.near",98033,98064,0.9996838799151575
"zkv_staketosupportprivacy.poolv1.near",94171,94176,0.9999469079170914
"certusone.poolv1.near",94169,94176,0.9999256710839279
"figment.poolv1.near",71536,72144,0.9915724107340874
"stakefish.poolv1.near",49679,49680,0.9999798711755233
"huobipool.poolv1.near",36251,37584,0.9645327799063431
"okexpool.poolv1.near",33694,33696,0.9999406457739791
"jazza.poolv1.near",29375,29376,0.9999659586056645
"erm.poolv1.near",29370,29376,0.9997957516339869
"masternode24.poolv1.near",25487,25488,0.9999607658505963
"inotel.poolv1.near",25053,25056,0.9998802681992337
"zavodil.poolv1.near",24449,24624,0.9928931124106563
"lunanova.poolv1.near",23263,23328,0.9972136488340192
"fresh.poolv1.near",22358,22464,0.9952813390313391
"baziliknear.poolv1.near",22031,22032,0.9999546114742193
"01node.poolv1.near",16844,16848,0.9997625830959165
"moonlet.poolv1.near",12528,12528,1
"stakin.poolv1.near",12095,12096,0.999917328042328
"openshards.poolv1.near",11232,11232,1
"ideocolabventures.poolv1.near",11231,11232,0.9999109686609686
"bobby.poolv1.near",10799,10800,0.9999074074074074
"chorusone.poolv1.near",10799,10800,0.9999074074074074
"johnsmith.poolv1.near",10799,10800,0.9999074074074074
"hb436_pool.poolv1.near",10798,10800,0.9998148148148148
"near8888.poolv1.near",10798,10800,0.9998148148148148
"electric.poolv1.near",10367,10368,0.9999035493827161
"astro-stakers.poolv1.near",5184,5184,1
"rocknroll.poolv1.near",4752,4752,1
"nodeasy.poolv1.near",3456,3456,1
"anonymous.poolv1.near",2592,2592,1
"dialecticstake.poolv1.near",2160,2160,1
"kukulastake1.poolv1.near",2160,2160,1
